{
  "generated_at": "2026-06-29T17:31:44.943487",
  "dataset_shape": {
    "rows": 500,
    "columns": 53
  },
  "column_validation": {
    "expected_columns": 37,
    "found_columns": 38,
    "missing_columns": [],
    "extra_columns": []
  },
  "range_issues": {},
  "feature_count": 48,
  "target_variable": "LST",
  "target_statistics": {
    "mean": 36.00212,
    "std": 5.089320570896148,
    "min": 21.88,
    "max": 51.14,
    "median": 35.6
  },
  "missing_values_per_column": {},
  "feature_statistics": {
    "NDVI": {
      "mean": 0.384731,
      "std": 0.24340792702143813,
      "min": -0.0987,
      "max": 0.7969
    },
    "NDBI": {
      "mean": -0.0753186,
      "std": 0.1550261416769652,
      "min": -0.2988,
      "max": 0.3476
    },
    "NDWI": {
      "mean": -0.1428826,
      "std": 0.26593249530917185,
      "min": -0.4999,
      "max": 0.5987
    },
    "MNDWI": {
      "mean": -0.14333139999999997,
      "std": 0.2716946417409469,
      "min": -0.5843,
      "max": 0.6575
    },
    "Albedo": {
      "mean": 0.21579220000000002,
      "std": 0.07791855595353246,
      "min": 0.0811,
      "max": 0.3495
    },
    "LULC_ESA": {
      "mean": 42.8,
      "std": 22.978599436521982,
      "min": 10.0,
      "max": 80.0
    },
    "LULC_DW": {
      "mean": 3.594,
      "std": 2.272331617956307,
      "min": 0.0,
      "max": 7.0
    },
    "Impervious_Frac": {
      "mean": 0.13,
      "std": 0.33664024314780494,
      "min": 0.0,
      "max": 1.0
    },
    "Tree_Cover_Pct": {
      "mean": 28.211800000000004,
      "std": 26.656290747830344,
      "min": 0.1,
      "max": 79.9
    },
    "AirTemp": {
      "mean": 34.883160000000004,
      "std": 2.0418588564293954,
      "min": 28.6,
      "max": 40.98
    },
    "Humidity": {
      "mean": 44.15532,
      "std": 11.608682108585644,
      "min": 25.22,
      "max": 64.93
    },
    "WindSpeed": {
      "mean": 2.9711399999999997,
      "std": 1.1857974242942704,
      "min": 1.01,
      "max": 4.99
    },
    "WindDirection": {
      "mean": 179.50619999999998,
      "std": 103.12625655545867,
      "min": 0.1,
      "max": 359.3
    },
    "SolarRadiation": {
      "mean": 251.22186,
      "std": 39.49511234746748,
      "min": 180.12,
      "max": 319.9
    },
    "Pressure": {
      "mean": 1002.11474,
      "std": 7.312345213229122,
      "min": 990.13,
      "max": 1014.8
    },
    "Rainfall": {
      "mean": 72.20782000000001,
      "std": 42.05766589301333,
      "min": 0.25,
      "max": 149.55
    },
    "Elevation": {
      "mean": 239.3688,
      "std": 23.433441037921757,
      "min": 200.1,
      "max": 280.0
    },
    "Slope": {
      "mean": 2.4948999999999995,
      "std": 1.4167454695360426,
      "min": 0.03,
      "max": 4.99
    },
    "Aspect": {
      "mean": 175.0394,
      "std": 108.57164635587345,
      "min": 0.3,
      "max": 359.4
    },
    "Building_Density": {
      "mean": 12.61888,
      "std": 20.64077582842269,
      "min": 0.0,
      "max": 89.21
    },
    "Building_Height": {
      "mean": 4.75944,
      "std": 6.23541183948711,
      "min": 0.02,
      "max": 29.6
    },
    "Building_Volume": {
      "mean": 174.19536000000002,
      "std": 462.6717730369995,
      "min": 0.0,
      "max": 2546.95
    },
    "Nighttime_Lights": {
      "mean": 9.51034,
      "std": 12.17642508868184,
      "min": 0.01,
      "max": 56.76
    },
    "Population_Density": {
      "mean": 178.10139999999998,
      "std": 377.45723220296713,
      "min": 0.4,
      "max": 1989.6
    },
    "Dist_Water": {
      "mean": 2439.594,
      "std": 1408.278309724068,
      "min": 9.7,
      "max": 4996.4
    },
    "Dist_Green": {
      "mean": 972.62,
      "std": 986.8932881951165,
      "min": 0.4,
      "max": 2997.6
    },
    "Green_Space_Density": {
      "mean": 0.2705538,
      "std": 0.2066943637489207,
      "min": 0.0005,
      "max": 0.7633
    },
    "Surface_Roughness": {
      "mean": 4.1427,
      "std": 2.2489504365664144,
      "min": 0.51,
      "max": 8.0
    },
    "Anthropogenic_Heat": {
      "mean": 0.0969868,
      "std": 0.14945138842032055,
      "min": 0.0,
      "max": 0.7959
    },
    "Road_Density_Proxy": {
      "mean": 0.033912,
      "std": 0.10768679690870611,
      "min": -0.0986,
      "max": 0.4986
    },
    "UHI_Intensity": {
      "mean": 0.0021200000000000047,
      "std": 5.089320570896148,
      "min": -14.12,
      "max": 15.14
    },
    "UTFVI": {
      "mean": -0.05256700000000001,
      "std": 0.1339357467576115,
      "min": -0.4242,
      "max": 0.3459
    },
    "QualityScore": {
      "mean": 10.36,
      "std": 4.7098583345003195,
      "min": 3.0,
      "max": 18.0
    },
    "LULC_ESA_10": {
      "mean": 0.14,
      "std": 0.34733453983894297,
      "min": 0.0,
      "max": 1.0
    },
    "LULC_ESA_20": {
      "mean": 0.13,
      "std": 0.33664024314780494,
      "min": 0.0,
      "max": 1.0
    },
    "LULC_ESA_30": {
      "mean": 0.134,
      "std": 0.34099347956553716,
      "min": 0.0,
      "max": 1.0
    },
    "LULC_ESA_40": {
      "mean": 0.156,
      "std": 0.3632187436124722,
      "min": 0.0,
      "max": 1.0
    },
    "LULC_ESA_50": {
      "mean": 0.13,
      "std": 0.33664024314780494,
      "min": 0.0,
      "max": 1.0
    },
    "LULC_ESA_60": {
      "mean": 0.138,
      "std": 0.34524540370228696,
      "min": 0.0,
      "max": 1.0
    },
    "LULC_ESA_80": {
      "mean": 0.172,
      "std": 0.37775839210480977,
      "min": 0.0,
      "max": 1.0
    },
    "LULC_DW_0": {
      "mean": 0.11,
      "std": 0.31320311681841473,
      "min": 0.0,
      "max": 1.0
    },
    "LULC_DW_1": {
      "mean": 0.134,
      "std": 0.34099347956553716,
      "min": 0.0,
      "max": 1.0
    },
    "LULC_DW_2": {
      "mean": 0.116,
      "std": 0.3205456270143082,
      "min": 0.0,
      "max": 1.0
    },
    "LULC_DW_3": {
      "mean": 0.11,
      "std": 0.31320311681841473,
      "min": 0.0,
      "max": 1.0
    },
    "LULC_DW_4": {
      "mean": 0.134,
      "std": 0.34099347956553716,
      "min": 0.0,
      "max": 1.0
    },
    "LULC_DW_5": {
      "mean": 0.132,
      "std": 0.33882976732047154,
      "min": 0.0,
      "max": 1.0
    },
    "LULC_DW_6": {
      "mean": 0.146,
      "std": 0.35345985307453365,
      "min": 0.0,
      "max": 1.0
    },
    "LULC_DW_7": {
      "mean": 0.118,
      "std": 0.32293121425200844,
      "min": 0.0,
      "max": 1.0
    }
  }
}